id,name,mapping_name,category
AD,Andorra,Andorra,non-core
AE,United Arab Emirates,UAE,non-core
AF,Afghanistan,Afghanistan,non-core
AG,Antigua and Barbuda,Antigua and Barbuda,non-core
AI,Anguilla,Anguilla,non-core
AL,Albania,Albania,non-core
AM,Armenia,Armenia,non-core
AO,Angola,Angola,non-core
AQ,Antarctica,Antarctica,non-core
AR,Argentina,Argentina,non-core
AS,American Samoa,American Samoa,non-core
AT,Austria,Austria,non-core
AU,Australia,Australia,non-core
AW,Aruba,Aruba,non-core
AX,Åland Islands,Åland Islands,non-core
AZ,Azerbaijan,Azerbaijan,non-core
BA,Bosnia and Herzegovina,Bosnia and Herzegovina,non-core
BB,Barbados,Barbados,non-core
BD,Bangladesh,Bangladesh,non-core
BE,Belgium,Belgium,core
BF,Burkina Faso,Burkina Faso,non-core
BG,Bulgaria,Bulgaria,non-core
BH,Bahrain,Bahrain,non-core
BI,Burundi,Burundi,non-core
BJ,Benin,Benin,non-core
BL,St Barthélemy,Saint Barthélemy,non-core
BM,Bermuda,Bermuda,non-core
BN,Brunei,Brunei,non-core
BO,Bolivia,Bolivia (Plurinational State of),non-core
BQ,"Bonaire, Sint Eustatius and Saba","Bonaire, Sint Eustatius and Saba",non-core
BR,Brazil,Brazil,non-core
BS,The Bahamas,Bahamas,non-core
BT,Bhutan,Bhutan,non-core
BV,Bouvet Island,Bouvet Island,non-core
BW,Botswana,Botswana,non-core
BY,Belarus,Belarus,non-core
BZ,Belize,Belize,non-core
CA,Canada,Canada,core
CC,Cocos (Keeling) Islands,Cocos (Keeling) Islands,non-core
CD,Congo (Democratic Republic),"Congo, Democratic Republic of the",non-core
CF,Central African Republic,Central African Republic,non-core
CG,Congo,Congo,non-core
CH,Switzerland,Switzerland,core
CI,Côte d'Ivoire,Côte d'Ivoire,non-core
CK,Cook Islands,Cook Islands,non-core
CL,Chile,Chile,non-core
CM,Cameroon,Cameroon,non-core
CN,China,China,non-core
CO,Colombia,Colombia,non-core
CR,Costa Rica,Costa Rica,non-core
CU,Cuba,Cuba,non-core
CV,Cabo Verde,Cabo Verde,non-core
CW,Curaçao,Curaçao,non-core
CX,Christmas Island,Christmas Island,non-core
CY,Cyprus,Cyprus,non-core
CZ,Czechia,Czechia,non-core
DE,Germany,Germany,core
DJ,Djibouti,Djibouti,non-core
DK,Denmark,Denmark,non-core
DM,Dominica,Dominica,non-core
DO,Dominican Republic,Dominican Republic,non-core
DZ,Algeria,Algeria,non-core
EC,Ecuador,Ecuador,non-core
EE,Estonia,Estonia,non-core
EG,Egypt,Egypt,non-core
EH,Western Sahara,Western Sahara,non-core
ER,Eritrea,Eritrea,non-core
ES,Spain,Spain,non-core
ET,Ethiopia,Ethiopia,non-core
FI,Finland,Finland,non-core
FJ,Fiji,Fiji,non-core
FK,Falkland Islands,Falkland Islands (Malvinas),non-core
FM,Federated States of Micronesia,Micronesia (Federated States of),non-core
FO,Faroe Islands,Faroe Islands,non-core
FR,France,France,core
GA,Gabon,Gabon,non-core
GB,United Kingdom,UK,core
GD,Grenada,Grenada,non-core
GE,Georgia,Georgia,non-core
GF,French Guiana,French Guiana,non-core
GG,Guernsey,Guernsey,non-core
GH,Ghana,Ghana,non-core
GI,Gibraltar,Gibraltar,non-core
GL,Greenland,Greenland,non-core
GM,The Gambia,Gambia,non-core
GN,Guinea,Guinea,non-core
GP,Guadeloupe,Guadeloupe,non-core
GQ,Equatorial Guinea,Equatorial Guinea,non-core
GR,Greece,Greece,non-core
GS,South Georgia and the South Sandwich Islands,South Georgia and the South Sandwich Islands,non-core
GT,Guatemala,Guatemala,non-core
GU,Guam,Guam,non-core
GW,Guinea-Bissau,Guinea-Bissau,non-core
GY,Guyana,Guyana,non-core
HK,Hong Kong,Hong Kong,non-core
HM,Heard Island and McDonald Islands,Heard Island and McDonald Islands,non-core
HN,Honduras,Honduras,non-core
HR,Croatia,Croatia,non-core
HT,Haiti,Haiti,non-core
HU,Hungary,Hungary,non-core
ID,Indonesia,Indonesia,non-core
IE,Ireland,Ireland,core
IL,Israel,Israel,non-core
IM,Isle of Man,Isle of Man,non-core
IN,India,India,non-core
IO,British Indian Ocean Territory,British Indian Ocean Territory,non-core
IQ,Iraq,Iraq,non-core
IR,Iran,Iran (Islamic Republic of),non-core
IS,Iceland,Iceland,non-core
IT,Italy,Italy,non-core
JE,Jersey,Jersey,non-core
JM,Jamaica,Jamaica,non-core
JO,Jordan,Jordan,non-core
JP,Japan,Japan,non-core
KE,Kenya,Kenya,non-core
KG,Kyrgyzstan,Kyrgyzstan,non-core
KH,Cambodia,Cambodia,non-core
KI,Kiribati,Kiribati,non-core
KM,Comoros,Comoros,non-core
KN,St Kitts and Nevis,Saint Kitts and Nevis,non-core
KP,North Korea,Korea (Democratic People's Republic of),non-core
KR,South Korea,South Korea,non-core
KW,Kuwait,Kuwait,non-core
KY,Cayman Islands,Cayman Islands,non-core
KZ,Kazakhstan,Kazakhstan,non-core
LA,Laos,Lao People's Democratic Republic,non-core
LB,Lebanon,Lebanon,non-core
LC,St Lucia,Saint Lucia,non-core
LI,Liechtenstein,Liechtenstein,non-core
LK,Sri Lanka,Sri Lanka,non-core
LR,Liberia,Liberia,non-core
LS,Lesotho,Lesotho,non-core
LT,Lithuania,Lithuania,non-core
LU,Luxembourg,Luxembourg,non-core
LV,Latvia,Latvia,non-core
LY,Libya,Libya,non-core
MA,Morocco,Morocco,non-core
MC,Monaco,Monaco,non-core
MD,Moldova,"Moldova, Republic of",non-core
ME,Montenegro,Montenegro,non-core
MF,St Martin (French part),Saint Martin (French part),non-core
MG,Madagascar,Madagascar,non-core
MH,Marshall Islands,Marshall Islands,non-core
MK,North Macedonia,North Macedonia,non-core
ML,Mali,Mali,non-core
MM,Myanmar (Burma),Myanmar,non-core
MN,Mongolia,Mongolia,non-core
MO,Macao,Macao,non-core
MP,Northern Mariana Islands,Northern Mariana Islands,non-core
MQ,Martinique,Martinique,non-core
MR,Mauritania,Mauritania,non-core
MS,Montserrat,Montserrat,non-core
MT,Malta,Malta,non-core
MU,Mauritius,Mauritius,non-core
MV,Maldives,Maldives,non-core
MW,Malawi,Malawi,non-core
MX,Mexico,Mexico,non-core
MY,Malaysia,Malaysia,non-core
MZ,Mozambique,Mozambique,non-core
NA,Namibia,Namibia,non-core
NC,New Caledonia,New Caledonia,non-core
NE,Niger,Niger,non-core
NF,Norfolk Island,Norfolk Island,non-core
NG,Nigeria,Nigeria,non-core
NI,Nicaragua,Nicaragua,non-core
NL,Netherlands,Netherlands,non-core
NO,Norway,Norway,non-core
NP,Nepal,Nepal,non-core
NR,Nauru,Nauru,non-core
NU,Niue,Niue,non-core
NZ,New Zealand,New Zealand,non-core
OM,Oman,Oman,non-core
PA,Panama,Panama,non-core
PE,Peru,Peru,non-core
PF,French Polynesia,French Polynesia,non-core
PG,Papua New Guinea,Papua New Guinea,non-core
PH,Philippines,Philippines,non-core
PK,Pakistan,Pakistan,non-core
PL,Poland,Poland,non-core
PM,St Pierre and Miquelon,Saint Pierre and Miquelon,non-core
PN,Pitcairn,Pitcairn,non-core
PR,Puerto Rico,Puerto Rico,non-core
PS,State of Palestine,"Palestine, State of",non-core
PT,Portugal,Portugal,non-core
PW,Palau,Palau,non-core
PY,Paraguay,Paraguay,non-core
QA,Qatar,Qatar,non-core
RE,Réunion,Réunion,non-core
RO,Romania,Romania,non-core
RS,Serbia,Serbia,non-core
RU,Russia,Russian Federation,non-core
RW,Rwanda,Rwanda,non-core
SA,Saudi Arabia,Saudi Arabia,non-core
SB,Solomon Islands,Solomon Islands,non-core
SC,Seychelles,Seychelles,non-core
SD,Sudan,Sudan,non-core
SE,Sweden,Sweden,non-core
SH,"St Helena, Ascension and Tristan da Cunha","Saint Helena, Ascension and Tristan da Cunha",non-core
SI,Slovenia,Slovenia,non-core
SJ,Svalbard and Jan Mayen,Svalbard and Jan Mayen,non-core
SK,Slovakia,Slovakia,non-core
SL,Sierra Leone,Sierra Leone,non-core
SM,San Marino,San Marino,non-core
SN,Senegal,Senegal,non-core
SO,Somalia,Somalia,non-core
SR,Suriname,Suriname,non-core
SS,South Sudan,South Sudan,non-core
ST,Sao Tome and Principe,Sao Tome and Principe,non-core
SV,El Salvador,El Salvador,non-core
SX,Sint Maarten (Dutch part),Sint Maarten (Dutch part),non-core
SY,Syria,Syrian Arab Republic,non-core
SZ,Eswatini,Eswatini,non-core
TC,Turks and Caicos Islands,Turks and Caicos Islands,non-core
TD,Chad,Chad,non-core
TF,French Southern Territories,French Southern Territories,non-core
TG,Togo,Togo,non-core
TH,Thailand,Thailand,non-core
TJ,Tajikistan,Tajikistan,non-core
TK,Tokelau,Tokelau,non-core
TL,Timor-Leste,Timor-Leste,non-core
TM,Turkmenistan,Turkmenistan,non-core
TN,Tunisia,Tunisia,non-core
TO,Tonga,Tonga,non-core
TR,Turkey,Turkey,non-core
TT,Trinidad and Tobago,Trinidad and Tobago,non-core
TV,Tuvalu,Tuvalu,non-core
TW,Taiwan,Taiwan,non-core
TZ,Tanzania,"Tanzania, United Republic of",non-core
UA,Ukraine,Ukraine,non-core
UG,Uganda,Uganda,non-core
UM,United States Minor Outlying Islands,United States Minor Outlying Islands,non-core
US,United States,USA,core
UY,Uruguay,Uruguay,non-core
UZ,Uzbekistan,Uzbekistan,non-core
VA,Vatican City,Holy See,non-core
VC,St Vincent and the Grenadines,Saint Vincent and the Grenadines,non-core
VE,Venezuela,Venezuela (Bolivarian Republic of),non-core
VG,British Virgin Islands,Virgin Islands (British),non-core
VI,United States Virgin Island,Virgin Islands (U.S.),non-core
VN,Vietnam,Viet Nam,non-core
VU,Vanuatu,Vanuatu,non-core
WF,Wallis and Futuna,Wallis and Futuna,non-core
WS,Samoa,Samoa,non-core
YE,Yemen,Yemen,non-core
YT,Mayotte,Mayotte,non-core
ZA,South Africa,South Africa,non-core
ZM,Zambia,Zambia,non-core
ZW,Zimbabwe,Zimbabwe,non-core